gvf id	source database	description	mutation format	mutation mode	guide: id	guide+PAM sequence	transcript: id	amino acid	amino acid mutation	aminoacid: position
8935	ClinVar	ID=8935;Variant_seq=C;ancestral_allele=T;Dbxref=ClinVar_201805:rs1057521785;clinical_significance=likely pathogenic;Reference_seq=T	amino acid	remove	ENST00000278935|11|+|117351835|117351880|88|(BE2;+;@15;NGG;CGT:TGT;R:C;)	ATCCATGTGACGAACACTATCGG	ENST00000278935	R	C	88.0
18436	ClinVar	ID=18436;Variant_seq=G;ancestral_allele=A;evidence_values=Phenotype_or_Disease;Dbxref=ClinVar_201805:rs1060502443;clinical_significance=likely pathogenic;Reference_seq=A	amino acid	remove	ENST00000380152|13|+|32394693|32394738|3095|(BE2;-;@17;NGG;GGC:GAC;G:D;)	TCGTCTGACAAATAGACGAAAGG	ENST00000380152	G	D	3095.0
18436	ClinVar	ID=18436;Variant_seq=G;ancestral_allele=A;evidence_values=Phenotype_or_Disease;Dbxref=ClinVar_201805:rs1060502443;clinical_significance=likely pathogenic;Reference_seq=A	amino acid	remove	ENST00000544455|13|+|32394693|32394738|3095|(BE2;-;@17;NGG;GGC:GAC;G:D;)	TCGTCTGACAAATAGACGAAAGG	ENST00000544455	G	D	3095.0
27639	ClinVar	ID=27639;Variant_seq=G;ancestral_allele=A;evidence_values=Phenotype_or_Disease;Dbxref=ClinVar_201805:rs1060500252;clinical_significance=pathogenic;Reference_seq=A	amino acid	remove	ENST00000356175|17|+|31095288|31095333|1|(BE2;-;@16;NGG;GTG:ATG;V:M;)	GCCATGTCCTCCCCGCGGCCGGG	ENST00000356175	V	M	1.0
27639	ClinVar	ID=27639;Variant_seq=G;ancestral_allele=A;evidence_values=Phenotype_or_Disease;Dbxref=ClinVar_201805:rs1060500252;clinical_significance=pathogenic;Reference_seq=A	amino acid	remove	ENST00000356175|17|+|31095288|31095333|1|(BE2;-;@15;NGG;GTG:ATG;V:M;)	GGCCATGTCCTCCCCGCGGCCGG	ENST00000356175	V	M	1.0
27639	ClinVar	ID=27639;Variant_seq=G;ancestral_allele=A;evidence_values=Phenotype_or_Disease;Dbxref=ClinVar_201805:rs1060500252;clinical_significance=pathogenic;Reference_seq=A	amino acid	remove	ENST00000358273|17|+|31095288|31095333|1|(BE2;-;@16;NGG;GTG:ATG;V:M;)	GCCATGTCCTCCCCGCGGCCGGG	ENST00000358273	V	M	1.0
27639	ClinVar	ID=27639;Variant_seq=G;ancestral_allele=A;evidence_values=Phenotype_or_Disease;Dbxref=ClinVar_201805:rs1060500252;clinical_significance=pathogenic;Reference_seq=A	amino acid	remove	ENST00000358273|17|+|31095288|31095333|1|(BE2;-;@15;NGG;GTG:ATG;V:M;)	GGCCATGTCCTCCCCGCGGCCGG	ENST00000358273	V	M	1.0
27639	ClinVar	ID=27639;Variant_seq=G;ancestral_allele=A;evidence_values=Phenotype_or_Disease;Dbxref=ClinVar_201805:rs1060500252;clinical_significance=pathogenic;Reference_seq=A	amino acid	remove	ENST00000431387|17|+|31095288|31095333|1|(BE2;-;@16;NGG;GTG:ATG;V:M;)	GCCATGTCCTCCCCGCGGCCGGG	ENST00000431387	V	M	1.0
27639	ClinVar	ID=27639;Variant_seq=G;ancestral_allele=A;evidence_values=Phenotype_or_Disease;Dbxref=ClinVar_201805:rs1060500252;clinical_significance=pathogenic;Reference_seq=A	amino acid	remove	ENST00000431387|17|+|31095288|31095333|1|(BE2;-;@15;NGG;GTG:ATG;V:M;)	GGCCATGTCCTCCCCGCGGCCGG	ENST00000431387	V	M	1.0
27639	ClinVar	ID=27639;Variant_seq=G;ancestral_allele=A;evidence_values=Phenotype_or_Disease;Dbxref=ClinVar_201805:rs1060500252;clinical_significance=pathogenic;Reference_seq=A	amino acid	remove	ENST00000487476|17|+|31095288|31095333|1|(BE2;-;@16;NGG;GTG:ATG;V:M;)	GCCATGTCCTCCCCGCGGCCGGG	ENST00000487476	V	M	1.0
27639	ClinVar	ID=27639;Variant_seq=G;ancestral_allele=A;evidence_values=Phenotype_or_Disease;Dbxref=ClinVar_201805:rs1060500252;clinical_significance=pathogenic;Reference_seq=A	amino acid	remove	ENST00000487476|17|+|31095288|31095333|1|(BE2;-;@15;NGG;GTG:ATG;V:M;)	GGCCATGTCCTCCCCGCGGCCGG	ENST00000487476	V	M	1.0
27981	ClinVar	ID=27981;Variant_seq=C;ancestral_allele=T;evidence_values=Phenotype_or_Disease;Dbxref=ClinVar_201805:rs1060500378;clinical_significance=uncertain significance,likely pathogenic;Reference_seq=T	amino acid	remove	ENST00000356175|17|+|31330314|31330359|1863|(BE2;+;@16;NGG;CTT:TTT;L:F;)	TACCTTTAATTTAAAAATCGAGG	ENST00000356175	L	F	1863.0
27981	ClinVar	ID=27981;Variant_seq=C;ancestral_allele=T;evidence_values=Phenotype_or_Disease;Dbxref=ClinVar_201805:rs1060500378;clinical_significance=uncertain significance,likely pathogenic;Reference_seq=T	amino acid	remove	ENST00000358273|17|+|31330314|31330359|1884|(BE2;+;@16;NGG;CTT:TTT;L:F;)	TACCTTTAATTTAAAAATCGAGG	ENST00000358273	L	F	1884.0
33197	ClinVar	ID=33197;Variant_seq=G;ancestral_allele=A;evidence_values=Phenotype_or_Disease;Dbxref=ClinVar_201805:rs1057519639;clinical_significance=pathogenic;Reference_seq=A	amino acid	remove	ENST00000320876|18|+|2694664|2694709|345|(BE2;-;@15;NGG;CGG:CAG;R:Q;)	CTAACTGTCGTGTCCAAAGGTGG	ENST00000320876	R	Q	345.0
45367	ClinVar	ID=45367;Variant_seq=G;ancestral_allele=A;Dbxref=ClinVar_201805:rs1057522054;clinical_significance=likely pathogenic;Reference_seq=A	amino acid	remove	ENST00000345517|2|+|73908741|73908786|116|(BE2;-;@17;NGG;AGC:AAC;S:N;)	CTGTTGGCCTTGGGATTTAGGGG	ENST00000345517	S	N	116.0
45367	ClinVar	ID=45367;Variant_seq=G;ancestral_allele=A;Dbxref=ClinVar_201805:rs1057522054;clinical_significance=likely pathogenic;Reference_seq=A	amino acid	remove	ENST00000409624|2|+|73908741|73908786|116|(BE2;-;@17;NGG;AGC:AAC;S:N;)	CTGTTGGCCTTGGGATTTAGGGG	ENST00000409624	S	N	116.0
45367	ClinVar	ID=45367;Variant_seq=G;ancestral_allele=A;Dbxref=ClinVar_201805:rs1057522054;clinical_significance=likely pathogenic;Reference_seq=A	amino acid	remove	ENST00000409731|2|+|73908741|73908786|73|(BE2;-;@17;NGG;AGC:AAC;S:N;)	CTGTTGGCCTTGGGATTTAGGGG	ENST00000409731	S	N	73.0
48231	ClinVar	ID=48231;Variant_seq=C;ancestral_allele=T;evidence_values=Phenotype_or_Disease;Dbxref=ClinVar_201805:rs1057521737;clinical_significance=likely pathogenic,pathogenic;Reference_seq=T	amino acid	remove	ENST00000263253|22|+|41173745|41173790|1588|(BE2;+;@15;NGG;ACG:ATG;T:M;)	CACCATGGAGAAGCATAAAGAGG	ENST00000263253	T	M	1588.0
49799	ClinVar	ID=49799;Variant_seq=C;ancestral_allele=T;Dbxref=ClinVar_201805:rs1057521084;clinical_significance=likely pathogenic;Reference_seq=T	amino acid	remove	ENST00000273783|3|+|184137656|184137701|127|(BE2;+;@13;NGG;CCC:CTC;P:L;)	TCAGAGCTCTATCGATCACTGGG	ENST00000273783	P	L	127.0
55388	ClinVar	ID=55388;Variant_seq=G;ancestral_allele=A;Dbxref=ClinVar_201805:rs1057521108;clinical_significance=likely pathogenic;Reference_seq=A	amino acid	remove	ENST00000323668|5|+|150357773|150357818|17|(BE2;-;@13;NGG;CGT:CAT;R:H;)	CAGCAGATGGTGGTAGATCAGGG	ENST00000323668	R	H	17.0
55388	ClinVar	ID=55388;Variant_seq=G;ancestral_allele=A;Dbxref=ClinVar_201805:rs1057521108;clinical_significance=likely pathogenic;Reference_seq=A	amino acid	remove	ENST00000377797|5|+|150357773|150357818|17|(BE2;-;@13;NGG;CGT:CAT;R:H;)	CAGCAGATGGTGGTAGATCAGGG	ENST00000377797	R	H	17.0
55388	ClinVar	ID=55388;Variant_seq=G;ancestral_allele=A;Dbxref=ClinVar_201805:rs1057521108;clinical_significance=likely pathogenic;Reference_seq=A	amino acid	remove	ENST00000394269|5|+|150357773|150357818|17|(BE2;-;@13;NGG;CGT:CAT;R:H;)	CAGCAGATGGTGGTAGATCAGGG	ENST00000394269	R	H	17.0
55388	ClinVar	ID=55388;Variant_seq=G;ancestral_allele=A;Dbxref=ClinVar_201805:rs1057521108;clinical_significance=likely pathogenic;Reference_seq=A	amino acid	remove	ENST00000427724|5|+|150357773|150357818|17|(BE2;-;@13;NGG;CGT:CAT;R:H;)	CAGCAGATGGTGGTAGATCAGGG	ENST00000427724	R	H	17.0
55388	ClinVar	ID=55388;Variant_seq=G;ancestral_allele=A;Dbxref=ClinVar_201805:rs1057521108;clinical_significance=likely pathogenic;Reference_seq=A	amino acid	remove	ENST00000439160|5|+|150357773|150357818|17|(BE2;-;@13;NGG;CGT:CAT;R:H;)	CAGCAGATGGTGGTAGATCAGGG	ENST00000439160	R	H	17.0
55388	ClinVar	ID=55388;Variant_seq=G;ancestral_allele=A;Dbxref=ClinVar_201805:rs1057521108;clinical_significance=likely pathogenic;Reference_seq=A	amino acid	remove	ENST00000445265|5|+|150357773|150357818|17|(BE2;-;@13;NGG;CGT:CAT;R:H;)	CAGCAGATGGTGGTAGATCAGGG	ENST00000445265	R	H	17.0
55388	ClinVar	ID=55388;Variant_seq=G;ancestral_allele=A;Dbxref=ClinVar_201805:rs1057521108;clinical_significance=likely pathogenic;Reference_seq=A	amino acid	remove	ENST00000504761|5|+|150357773|150357818|17|(BE2;-;@13;NGG;CGT:CAT;R:H;)	CAGCAGATGGTGGTAGATCAGGG	ENST00000504761	R	H	17.0
55388	ClinVar	ID=55388;Variant_seq=G;ancestral_allele=A;Dbxref=ClinVar_201805:rs1057521108;clinical_significance=likely pathogenic;Reference_seq=A	amino acid	remove	ENST00000513346|5|+|150357773|150357818|17|(BE2;-;@13;NGG;CGT:CAT;R:H;)	CAGCAGATGGTGGTAGATCAGGG	ENST00000513346	R	H	17.0
55388	ClinVar	ID=55388;Variant_seq=G;ancestral_allele=A;Dbxref=ClinVar_201805:rs1057521108;clinical_significance=likely pathogenic;Reference_seq=A	amino acid	remove	ENST00000513538|5|+|150357773|150357818|17|(BE2;-;@13;NGG;CGT:CAT;R:H;)	CAGCAGATGGTGGTAGATCAGGG	ENST00000513538	R	H	17.0
55388	ClinVar	ID=55388;Variant_seq=G;ancestral_allele=A;Dbxref=ClinVar_201805:rs1057521108;clinical_significance=likely pathogenic;Reference_seq=A	amino acid	remove	ENST00000642994|5|+|150357773|150357818|17|(BE2;-;@13;NGG;CGT:CAT;R:H;)	CAGCAGATGGTGGTAGATCAGGG	ENST00000642994	R	H	17.0
55388	ClinVar	ID=55388;Variant_seq=G;ancestral_allele=A;Dbxref=ClinVar_201805:rs1057521108;clinical_significance=likely pathogenic;Reference_seq=A	amino acid	remove	ENST00000643257|5|+|150357773|150357818|17|(BE2;-;@13;NGG;CGT:CAT;R:H;)	CAGCAGATGGTGGTAGATCAGGG	ENST00000643257	R	H	17.0
58102	ClinVar	ID=58102;Variant_seq=C;ancestral_allele=T;Dbxref=ClinVar_201805:rs1057521854;clinical_significance=likely pathogenic;Reference_seq=T	amino acid	remove	ENST00000346085|6|+|157207525|157207570|2136|(BE2;+;@14;NGG;CCG:TCG;P:S;)	CTTTTATCGAACCTTGCCCAAGG	ENST00000346085	P	S	2136.0
58102	ClinVar	ID=58102;Variant_seq=C;ancestral_allele=T;Dbxref=ClinVar_201805:rs1057521854;clinical_significance=likely pathogenic;Reference_seq=T	amino acid	remove	ENST00000346085|6|+|157207525|157207570|2136|(BE2;+;@15;NGG;CCG:TCG;P:S;)	TTTTATCGAACCTTGCCCAAGGG	ENST00000346085	P	S	2136.0
58102	ClinVar	ID=58102;Variant_seq=C;ancestral_allele=T;Dbxref=ClinVar_201805:rs1057521854;clinical_significance=likely pathogenic;Reference_seq=T	amino acid	remove	ENST00000346085|6|+|157207525|157207570|2136|(BE2;+;@16;NGG;CCG:TCG;P:S;)	TTTATCGAACCTTGCCCAAGGGG	ENST00000346085	P	S	2136.0
58102	ClinVar	ID=58102;Variant_seq=C;ancestral_allele=T;Dbxref=ClinVar_201805:rs1057521854;clinical_significance=likely pathogenic;Reference_seq=T	amino acid	remove	ENST00000350026|6|+|157207525|157207570|2123|(BE2;+;@14;NGG;CCG:TCG;P:S;)	CTTTTATCGAACCTTGCCCAAGG	ENST00000350026	P	S	2123.0
58102	ClinVar	ID=58102;Variant_seq=C;ancestral_allele=T;Dbxref=ClinVar_201805:rs1057521854;clinical_significance=likely pathogenic;Reference_seq=T	amino acid	remove	ENST00000350026|6|+|157207525|157207570|2123|(BE2;+;@15;NGG;CCG:TCG;P:S;)	TTTTATCGAACCTTGCCCAAGGG	ENST00000350026	P	S	2123.0
58102	ClinVar	ID=58102;Variant_seq=C;ancestral_allele=T;Dbxref=ClinVar_201805:rs1057521854;clinical_significance=likely pathogenic;Reference_seq=T	amino acid	remove	ENST00000350026|6|+|157207525|157207570|2123|(BE2;+;@16;NGG;CCG:TCG;P:S;)	TTTATCGAACCTTGCCCAAGGGG	ENST00000350026	P	S	2123.0
58102	ClinVar	ID=58102;Variant_seq=C;ancestral_allele=T;Dbxref=ClinVar_201805:rs1057521854;clinical_significance=likely pathogenic;Reference_seq=T	amino acid	remove	ENST00000635849|6|+|157207525|157207570|1366|(BE2;+;@14;NGG;CCG:TCG;P:S;)	CTTTTATCGAACCTTGCCCAAGG	ENST00000635849	P	S	1366.0
58102	ClinVar	ID=58102;Variant_seq=C;ancestral_allele=T;Dbxref=ClinVar_201805:rs1057521854;clinical_significance=likely pathogenic;Reference_seq=T	amino acid	remove	ENST00000635849|6|+|157207525|157207570|1366|(BE2;+;@15;NGG;CCG:TCG;P:S;)	TTTTATCGAACCTTGCCCAAGGG	ENST00000635849	P	S	1366.0
58102	ClinVar	ID=58102;Variant_seq=C;ancestral_allele=T;Dbxref=ClinVar_201805:rs1057521854;clinical_significance=likely pathogenic;Reference_seq=T	amino acid	remove	ENST00000635849|6|+|157207525|157207570|1366|(BE2;+;@16;NGG;CCG:TCG;P:S;)	TTTATCGAACCTTGCCCAAGGGG	ENST00000635849	P	S	1366.0
58102	ClinVar	ID=58102;Variant_seq=C;ancestral_allele=T;Dbxref=ClinVar_201805:rs1057521854;clinical_significance=likely pathogenic;Reference_seq=T	amino acid	remove	ENST00000636930|6|+|157207525|157207570|2176|(BE2;+;@14;NGG;CCG:TCG;P:S;)	CTTTTATCGAACCTTGCCCAAGG	ENST00000636930	P	S	2176.0
58102	ClinVar	ID=58102;Variant_seq=C;ancestral_allele=T;Dbxref=ClinVar_201805:rs1057521854;clinical_significance=likely pathogenic;Reference_seq=T	amino acid	remove	ENST00000636930|6|+|157207525|157207570|2176|(BE2;+;@15;NGG;CCG:TCG;P:S;)	TTTTATCGAACCTTGCCCAAGGG	ENST00000636930	P	S	2176.0
58102	ClinVar	ID=58102;Variant_seq=C;ancestral_allele=T;Dbxref=ClinVar_201805:rs1057521854;clinical_significance=likely pathogenic;Reference_seq=T	amino acid	remove	ENST00000636930|6|+|157207525|157207570|2176|(BE2;+;@16;NGG;CCG:TCG;P:S;)	TTTATCGAACCTTGCCCAAGGGG	ENST00000636930	P	S	2176.0
58102	ClinVar	ID=58102;Variant_seq=C;ancestral_allele=T;Dbxref=ClinVar_201805:rs1057521854;clinical_significance=likely pathogenic;Reference_seq=T	amino acid	remove	ENST00000637810|6|+|157207525|157207570|1373|(BE2;+;@14;NGG;CCG:TCG;P:S;)	CTTTTATCGAACCTTGCCCAAGG	ENST00000637810	P	S	1373.0
58102	ClinVar	ID=58102;Variant_seq=C;ancestral_allele=T;Dbxref=ClinVar_201805:rs1057521854;clinical_significance=likely pathogenic;Reference_seq=T	amino acid	remove	ENST00000637810|6|+|157207525|157207570|1373|(BE2;+;@15;NGG;CCG:TCG;P:S;)	TTTTATCGAACCTTGCCCAAGGG	ENST00000637810	P	S	1373.0
58102	ClinVar	ID=58102;Variant_seq=C;ancestral_allele=T;Dbxref=ClinVar_201805:rs1057521854;clinical_significance=likely pathogenic;Reference_seq=T	amino acid	remove	ENST00000637810|6|+|157207525|157207570|1373|(BE2;+;@16;NGG;CCG:TCG;P:S;)	TTTATCGAACCTTGCCCAAGGGG	ENST00000637810	P	S	1373.0
58102	ClinVar	ID=58102;Variant_seq=C;ancestral_allele=T;Dbxref=ClinVar_201805:rs1057521854;clinical_significance=likely pathogenic;Reference_seq=T	amino acid	remove	ENST00000637904|6|+|157207525|157207570|1426|(BE2;+;@14;NGG;CCG:TCG;P:S;)	CTTTTATCGAACCTTGCCCAAGG	ENST00000637904	P	S	1426.0
58102	ClinVar	ID=58102;Variant_seq=C;ancestral_allele=T;Dbxref=ClinVar_201805:rs1057521854;clinical_significance=likely pathogenic;Reference_seq=T	amino acid	remove	ENST00000637904|6|+|157207525|157207570|1426|(BE2;+;@15;NGG;CCG:TCG;P:S;)	TTTTATCGAACCTTGCCCAAGGG	ENST00000637904	P	S	1426.0
58102	ClinVar	ID=58102;Variant_seq=C;ancestral_allele=T;Dbxref=ClinVar_201805:rs1057521854;clinical_significance=likely pathogenic;Reference_seq=T	amino acid	remove	ENST00000637904|6|+|157207525|157207570|1426|(BE2;+;@16;NGG;CCG:TCG;P:S;)	TTTATCGAACCTTGCCCAAGGGG	ENST00000637904	P	S	1426.0
63788	ClinVar	ID=63788;Variant_seq=G;ancestral_allele=A;Dbxref=ClinVar_201805:rs1057521078;clinical_significance=likely pathogenic;Reference_seq=A	amino acid	remove	ENST00000423902|8|+|60841966|60842011|1596|(BE2;-;@14;NGG;GGT:GAT;G:D;)	GACTTATCCTGGGGACGCCGTGG	ENST00000423902	G	D	1596.0
64373	ClinVar	ID=64373;Variant_seq=G;ancestral_allele=A;Dbxref=ClinVar_201805:rs1057521718;clinical_significance=likely pathogenic;Reference_seq=A	amino acid	remove	ENST00000517309|8|+|96287104|96287149|141|(BE2;-;@16;NGG;GCA:ACA;A:T;)	CTTGTGGCGTATCGAAGATTTGG	ENST00000517309	A	T	141.0
65111	ClinVar	ID=65111;Variant_seq=G;ancestral_allele=A;Dbxref=ClinVar_201805:rs1057523381;clinical_significance=likely pathogenic;Reference_seq=A	amino acid	remove	ENST00000373299|9|+|127682478|127682523|548|(BE2;-;@17;NGG;GAT:AAT;D:N;)	CATTCAGGCTCACACCCCCAAGG	ENST00000373299	D	N	548.0
65111	ClinVar	ID=65111;Variant_seq=G;ancestral_allele=A;Dbxref=ClinVar_201805:rs1057523381;clinical_significance=likely pathogenic;Reference_seq=A	amino acid	remove	ENST00000373302|9|+|127682478|127682523|548|(BE2;-;@17;NGG;GAT:AAT;D:N;)	CATTCAGGCTCACACCCCCAAGG	ENST00000373302	D	N	548.0
65111	ClinVar	ID=65111;Variant_seq=G;ancestral_allele=A;Dbxref=ClinVar_201805:rs1057523381;clinical_significance=likely pathogenic;Reference_seq=A	amino acid	remove	ENST00000626539|9|+|127682478|127682523|534|(BE2;-;@17;NGG;GAT:AAT;D:N;)	CATTCAGGCTCACACCCCCAAGG	ENST00000626539	D	N	534.0
65111	ClinVar	ID=65111;Variant_seq=G;ancestral_allele=A;Dbxref=ClinVar_201805:rs1057523381;clinical_significance=likely pathogenic;Reference_seq=A	amino acid	remove	ENST00000636962|9|+|127682478|127682523|548|(BE2;-;@17;NGG;GAT:AAT;D:N;)	CATTCAGGCTCACACCCCCAAGG	ENST00000636962	D	N	548.0
65111	ClinVar	ID=65111;Variant_seq=G;ancestral_allele=A;Dbxref=ClinVar_201805:rs1057523381;clinical_significance=likely pathogenic;Reference_seq=A	amino acid	remove	ENST00000637173|9|+|127682478|127682523|534|(BE2;-;@17;NGG;GAT:AAT;D:N;)	CATTCAGGCTCACACCCCCAAGG	ENST00000637173	D	N	534.0
65111	ClinVar	ID=65111;Variant_seq=G;ancestral_allele=A;Dbxref=ClinVar_201805:rs1057523381;clinical_significance=likely pathogenic;Reference_seq=A	amino acid	remove	ENST00000637521|9|+|127682478|127682523|534|(BE2;-;@17;NGG;GAT:AAT;D:N;)	CATTCAGGCTCACACCCCCAAGG	ENST00000637521	D	N	534.0
65111	ClinVar	ID=65111;Variant_seq=G;ancestral_allele=A;Dbxref=ClinVar_201805:rs1057523381;clinical_significance=likely pathogenic;Reference_seq=A	amino acid	remove	ENST00000637953|9|+|127682478|127682523|548|(BE2;-;@17;NGG;GAT:AAT;D:N;)	CATTCAGGCTCACACCCCCAAGG	ENST00000637953	D	N	548.0
69203	ClinVar	ID=69203;Variant_seq=G;ancestral_allele=A;Dbxref=ClinVar_201805:rs1057524663;clinical_significance=pathogenic;Reference_seq=A	amino acid	remove	ENST00000379989|X|+|18581883|18581928|140|(BE2;-;@17;NGG;AGT:AAT;S:N;)	AGATTTTCTGGTTTTATATCTGG	ENST00000379989	S	N	140.0
69203	ClinVar	ID=69203;Variant_seq=G;ancestral_allele=A;Dbxref=ClinVar_201805:rs1057524663;clinical_significance=pathogenic;Reference_seq=A	amino acid	remove	ENST00000379996|X|+|18581883|18581928|140|(BE2;-;@17;NGG;AGT:AAT;S:N;)	AGATTTTCTGGTTTTATATCTGG	ENST00000379996	S	N	140.0
69203	ClinVar	ID=69203;Variant_seq=G;ancestral_allele=A;Dbxref=ClinVar_201805:rs1057524663;clinical_significance=pathogenic;Reference_seq=A	amino acid	remove	ENST00000623535|X|+|18581883|18581928|140|(BE2;-;@17;NGG;AGT:AAT;S:N;)	AGATTTTCTGGTTTTATATCTGG	ENST00000623535	S	N	140.0
69203	ClinVar	ID=69203;Variant_seq=G;ancestral_allele=A;Dbxref=ClinVar_201805:rs1057524663;clinical_significance=pathogenic;Reference_seq=A	amino acid	remove	ENST00000635828|X|+|18581883|18581928|140|(BE2;-;@17;NGG;AGT:AAT;S:N;)	AGATTTTCTGGTTTTATATCTGG	ENST00000635828	S	N	140.0
